Label,Key,R,G,B,T
0,Unknown,0,0,0,1
1,Left-Cerebral-Exterior,70,130,180,1
2,Left-Cerebral-White-Matter,245,245,245,1
3,Left-Cerebral-Cortex,205,62,78,1
4,Left-Lateral-Ventricle,120,18,134,1
5,Left-Inf-Lat-Vent,196,58,250,1
6,Left-Cerebellum-Exterior,0,148,0,1
7,Left-Cerebellum-White-Matter,220,248,164,1
8,Left-Cerebellum-Cortex,230,148,34,1
9,Left-Thalamus-unused,0,118,14,1
10,Left-Thalamus,0,118,14,1
11,Left-Caudate,122,186,220,1
12,Left-Putamen,236,13,176,1
13,Left-Pallidum,12,48,255,1
14,3rd-Ventricle,204,182,142,1
15,4th-Ventricle,42,204,164,1
16,Brain-Stem,119,159,176,1
17,Left-Hippocampus,220,216,20,1
18,Left-Amygdala,103,255,255,1
19,Left-Insula,80,196,98,1
20,Left-Operculum,60,58,210,1
21,Line-1,60,58,210,1
22,Line-2,60,58,210,1
23,Line-3,60,58,210,1
24,CSF,60,60,60,1
25,Left-Lesion,255,165,0,1
26,Left-Accumbens-area,255,165,0,1
27,Left-Substancia-Nigra,0,255,127,1
28,Left-VentralDC,165,42,42,1
29,Left-undetermined,135,206,235,1
30,Left-vessel,160,32,240,1
31,Left-choroid-plexus,0,200,200,1
32,Left-F3orb,100,50,100,1
33,Left-lOg,135,50,74,1
34,Left-aOg,122,135,50,1
35,Left-mOg,51,50,135,1
36,Left-pOg,74,155,60,1
37,Left-Stellate,120,62,43,1
38,Left-Porg,74,155,60,1
39,Left-Aorg,122,135,50,1
40,Right-Cerebral-Exterior,70,130,180,1
41,Right-Cerebral-White-Matter,245,245,245,1
42,Right-Cerebral-Cortex,205,62,78,1
43,Right-Lateral-Ventricle,120,18,134,1
44,Right-Inf-Lat-Vent,196,58,250,1
45,Right-Cerebellum-Exterior,0,148,0,1
46,Right-Cerebellum-White-Matter,220,248,164,1
47,Right-Cerebellum-Cortex,230,148,34,1
48,Right-Thalamus-unused,0,118,14,1
49,Right-Thalamus,0,118,14,1
50,Right-Caudate,122,186,220,1
51,Right-Putamen,236,13,176,1
52,Right-Pallidum,13,48,255,1
53,Right-Hippocampus,220,216,20,1
54,Right-Amygdala,103,255,255,1
55,Right-Insula,80,196,98,1
56,Right-Operculum,60,58,210,1
57,Right-Lesion,255,165,0,1
58,Right-Accumbens-area,255,165,0,1
59,Right-Substancia-Nigra,0,255,127,1
60,Right-VentralDC,165,42,42,1
61,Right-undetermined,135,206,235,1
62,Right-vessel,160,32,240,1
63,Right-choroid-plexus,0,200,221,1
64,Right-F3orb,100,50,100,1
65,Right-lOg,135,50,74,1
66,Right-aOg,122,135,50,1
67,Right-mOg,51,50,135,1
68,Right-pOg,74,155,60,1
69,Right-Stellate,120,62,43,1
70,Right-Porg,74,155,60,1
71,Right-Aorg,122,135,50,1
72,5th-Ventricle,120,190,150,1
73,Left-Interior,122,135,50,1
74,Right-Interior,122,135,50,1
77,WM-hypointensities,200,70,255,1
78,Left-WM-hypointensities,255,148,10,1
79,Right-WM-hypointensities,255,148,10,1
80,non-WM-hypointensities,164,108,226,1
81,Left-non-WM-hypointensities,164,108,226,1
82,Right-non-WM-hypointensities,164,108,226,1
83,Left-F1,255,218,185,1
84,Right-F1,255,218,185,1
85,Optic-Chiasm,234,169,30,1
192,Corpus_Callosum,250,255,50,1
86,Left_future_WMSA,200,120,255,1
87,Right_future_WMSA,200,121,255,1
88,future_WMSA,200,122,255,1
96,Left-Amygdala-Anterior,205,10,125,1
97,Right-Amygdala-Anterior,205,10,125,1
98,Dura,160,32,240,1
99,Lesion,255,165,0,1
100,Left-wm-intensity-abnormality,124,140,178,1
101,Left-caudate-intensity-abnormality,125,140,178,1
102,Left-putamen-intensity-abnormality,126,140,178,1
103,Left-accumbens-intensity-abnormality,127,140,178,1
104,Left-pallidum-intensity-abnormality,124,141,178,1
105,Left-amygdala-intensity-abnormality,124,142,178,1
106,Left-hippocampus-intensity-abnormality,124,143,178,1
107,Left-thalamus-intensity-abnormality,124,144,178,1
108,Left-VDC-intensity-abnormality,124,140,179,1
109,Right-wm-intensity-abnormality,124,140,178,1
110,Right-caudate-intensity-abnormality,125,140,178,1
111,Right-putamen-intensity-abnormality,126,140,178,1
112,Right-accumbens-intensity-abnormality,127,140,178,1
113,Right-pallidum-intensity-abnormality,124,141,178,1
114,Right-amygdala-intensity-abnormality,124,142,178,1
115,Right-hippocampus-intensity-abnormality,124,143,178,1
116,Right-thalamus-intensity-abnormality,124,144,178,1
117,Right-VDC-intensity-abnormality,124,140,179,1
118,Epidermis,255,20,147,1
119,Conn-Tissue,205,179,139,1
120,SC-Fat-Muscle,238,238,209,1
121,Cranium,200,200,200,1
122,CSF-SA,74,255,74,1
123,Muscle,238,0,0,1
124,Ear,0,0,139,1
125,Adipose,173,255,47,1
126,Spinal-Cord,133,203,229,1
127,Soft-Tissue,26,237,57,1
128,Nerve,34,139,34,1
129,Bone,30,144,255,1
130,AirCavity,196,160,128,1
131,Orbital-Fat,238,59,59,1
132,Tongue,221,39,200,1
133,Nasal-Structures,238,174,238,1
134,Globe,255,0,0,1
135,Teeth,72,61,139,1
136,Left-Caudate-Putamen,21,39,132,1
137,Right-Caudate-Putamen,21,39,132,1
138,Left-Claustrum,65,135,20,1
139,Right-Claustrum,65,135,20,1
140,Cornea,134,4,160,1
142,Diploe,221,226,68,1
143,Vitreous-Humor,255,255,254,1
144,Lens,52,209,226,1
145,Aqueous-Humor,239,160,223,1
146,Outer-Table,70,130,180,1
147,Inner-Table,70,130,181,1
148,Periosteum,139,121,94,1
149,Endosteum,224,224,224,1
150,R-C-S,255,0,0,1
151,Iris,205,205,0,1
152,SC-Adipose-Muscle,238,238,209,1
153,SC-Tissue,139,121,94,1
154,Orbital-Adipose,238,59,59,1
155,Left-IntCapsule-Ant,238,59,59,1
156,Right-IntCapsule-Ant,238,59,59,1
157,Left-IntCapsule-Pos,62,10,205,1
158,Right-IntCapsule-Pos,62,10,205,1
159,Left-Cerebral-WM-unmyelinated,0,118,14,1
160,Right-Cerebral-WM-unmyelinated,0,118,14,1
161,Left-Cerebral-WM-myelinated,220,216,21,1
162,Right-Cerebral-WM-myelinated,220,216,21,1
163,Left-Subcortical-Gray-Matter,122,186,220,1
164,Right-Subcortical-Gray-Matter,122,186,220,1
165,Skull,120,120,120,1
166,Posterior-fossa,14,48,255,1
167,Scalp,166,42,42,1
168,Hematoma,121,18,134,1
169,Left-Basal-Ganglia,236,13,127,1
176,Right-Basal-Ganglia,236,13,126,1
170,brainstem,119,159,176,1
171,DCG,119,0,176,1
172,Vermis,119,100,176,1
173,Midbrain,242,104,76,1
174,Pons,206,195,58,1
175,Medulla,119,159,176,1
177,Vermis-White-Matter,119,50,176,1
178,SCP,142,182,0,1
179,Floculus,19,100,176,1
180,Left-Cortical-Dysplasia,73,61,139,1
181,Right-Cortical-Dysplasia,73,62,139,1
182,CblumNodulus,10,100,176,1
193,Left-hippocampal_fissure,0,196,255,1
194,Left-CADG-head,255,164,164,1
195,Left-subiculum,196,196,0,1
196,Left-fimbria,0,100,255,1
197,Right-hippocampal_fissure,128,196,164,1
198,Right-CADG-head,0,126,75,1
199,Right-subiculum,128,96,64,1
200,Right-fimbria,0,50,128,1
201,alveus,255,204,153,1
202,perforant_pathway,255,128,128,1
203,parasubiculum,175,175,75,1
204,presubiculum,64,0,64,1
205,subiculum,0,0,255,1
206,CA1,255,0,0,1
207,CA2,128,128,255,1
208,CA3,0,128,0,1
209,CA4,196,160,128,1
210,GC-DG,32,200,255,1
211,HATA,128,255,128,1
212,fimbria,204,153,204,1
213,lateral_ventricle,121,17,136,1
214,molecular_layer_HP,128,0,0,1
215,hippocampal_fissure,128,32,255,1
216,entorhinal_cortex,255,204,102,1
217,molecular_layer_subiculum,128,128,128,1
218,Amygdala,104,255,255,1
219,Cerebral_White_Matter,0,226,0,1
220,Cerebral_Cortex,205,63,78,1
221,Inf_Lat_Vent,197,58,250,1
222,Perirhinal,33,150,250,1
223,Cerebral_White_Matter_Edge,226,0,0,1
224,Background,100,100,100,1
225,Ectorhinal,197,150,250,1
226,HP_tail,170,170,255,1
227,Polymorphic-Layer,128,255,128,1
228,Intracellular-Space,204,153,204,1
229,molecular_layer_DG,168,0,0,1
231,HP_body,0,255,0,1
232,HP_head,255,0,0,1
233,presubiculum-head,32,0,32,1
234,presubiculum-body,64,0,64,1
235,subiculum-head,0,0,175,1
236,subiculum-body,0,0,255,1
237,CA1-head,175,75,75,1
238,CA1-body,255,0,0,1
239,CA3-head,0,80,0,1
240,CA3-body,0,128,0,1
241,CA4-head,120,90,50,1
242,CA4-body,196,160,128,1
243,GC-ML-DG-head,75,125,175,1
244,GC-ML-DG-body,32,200,255,1
245,molecular_layer_HP-head,100,25,25,1
246,molecular_layer_HP-body,128,0,0,1
247,FreezeSurface,10,100,100,1
250,Fornix,255,0,0,1
251,CC_Posterior,0,0,64,1
252,CC_Mid_Posterior,0,0,112,1
253,CC_Central,0,0,160,1
254,CC_Mid_Anterior,0,0,208,1
255,CC_Anterior,0,0,255,1
256,Voxel-Unchanged,0,0,0,1
257,CSF-ExtraCerebral,60,60,60,1
258,Head-ExtraCerebral,150,150,200,1
259,Eye-Fluid,60,60,60,1
260,BoneOrAir,119,159,176,1
261,PossibleFluid,120,18,134,1
262,Sinus,196,160,128,1
263,Left-Eustachian,119,159,176,1
264,Right-Eustachian,119,159,176,1
265,Left-Eyeball,60,60,60,1
266,Right-Eyeball,60,60,60,1
331,Aorta,255,0,0,1
332,Left-Common-IliacA,255,80,0,1
333,Right-Common-IliacA,255,160,0,1
334,Left-External-IliacA,255,255,0,1
335,Right-External-IliacA,0,255,0,1
336,Left-Internal-IliacA,255,0,160,1
337,Right-Internal-IliacA,255,0,255,1
338,Left-Lateral-SacralA,255,50,80,1
339,Right-Lateral-SacralA,80,255,50,1
340,Left-ObturatorA,160,255,50,1
341,Right-ObturatorA,160,200,255,1
342,Left-Internal-PudendalA,0,255,160,1
343,Right-Internal-PudendalA,0,0,255,1
344,Left-UmbilicalA,80,50,255,1
345,Right-UmbilicalA,160,0,255,1
346,Left-Inf-RectalA,255,210,0,1
347,Right-Inf-RectalA,0,160,255,1
348,Left-Common-IliacV,255,200,80,1
349,Right-Common-IliacV,255,200,160,1
350,Left-External-IliacV,255,80,200,1
351,Right-External-IliacV,255,160,200,1
352,Left-Internal-IliacV,30,255,80,1
353,Right-Internal-IliacV,80,200,255,1
354,Left-ObturatorV,80,255,200,1
355,Right-ObturatorV,195,255,200,1
356,Left-Internal-PudendalV,120,200,20,1
357,Right-Internal-PudendalV,170,10,200,1
358,Pos-Lymph,20,130,180,1
359,Neg-Lymph,20,180,130,1
400,V1,206,62,78,1
401,V2,121,18,134,1
402,BA44,199,58,250,1
403,BA45,1,148,0,1
404,BA4a,221,248,164,1
405,BA4p,231,148,34,1
406,BA6,1,118,14,1
407,BA2,120,118,14,1
408,BA1_old,123,186,221,1
409,BAun2,238,13,177,1
410,BA1,123,186,220,1
411,BA2b,138,13,206,1
412,BA3a,238,130,176,1
413,BA3b,218,230,76,1
414,MT,38,213,176,1
415,AIPS_AIP_l,1,225,176,1
416,AIPS_AIP_r,1,225,176,1
417,AIPS_VIP_l,200,2,100,1
418,AIPS_VIP_r,200,2,100,1
419,IPL_PFcm_l,5,200,90,1
420,IPL_PFcm_r,5,200,90,1
421,IPL_PF_l,100,5,200,1
422,IPL_PFm_l,25,255,100,1
423,IPL_PFm_r,25,255,100,1
424,IPL_PFop_l,230,7,100,1
425,IPL_PFop_r,230,7,100,1
426,IPL_PF_r,100,5,200,1
427,IPL_PFt_l,150,10,200,1
428,IPL_PFt_r,150,10,200,1
429,IPL_PGa_l,175,10,176,1
430,IPL_PGa_r,175,10,176,1
431,IPL_PGp_l,10,100,255,1
432,IPL_PGp_r,10,100,255,1
433,Visual_V3d_l,150,45,70,1
434,Visual_V3d_r,150,45,70,1
435,Visual_V4_l,45,200,15,1
436,Visual_V4_r,45,200,15,1
437,Visual_V5_b,227,45,100,1
438,Visual_VP_l,227,45,100,1
439,Visual_VP_r,227,45,100,1
498,wmsa,143,188,143,1
499,other_wmsa,255,248,220,1
500,right_CA2_3,17,85,136,1
501,right_alveus,119,187,102,1
502,right_CA1,204,68,34,1
503,right_fimbria,204,0,255,1
504,right_presubiculum,221,187,17,1
505,right_hippocampal_fissure,153,221,238,1
506,right_CA4_DG,51,17,17,1
507,right_subiculum,0,119,85,1
508,right_fornix,20,100,200,1
550,left_CA2_3,17,85,137,1
551,left_alveus,119,187,103,1
552,left_CA1,204,68,35,1
553,left_fimbria,204,0,254,1
554,left_presubiculum,221,187,16,1
555,left_hippocampal_fissure,153,221,239,1
556,left_CA4_DG,51,17,18,1
557,left_subiculum,0,119,86,1
558,left_fornix,20,100,201,1
600,Tumor,254,254,254,1
601,Cbm_Left_I_IV,70,130,180,1
602,Cbm_Right_I_IV,245,245,245,1
603,Cbm_Left_V,205,62,78,1
604,Cbm_Right_V,120,18,134,1
605,Cbm_Left_VI,196,58,250,1
606,Cbm_Vermis_VI,0,148,0,1
607,Cbm_Right_VI,220,248,164,1
608,Cbm_Left_CrusI,230,148,34,1
609,Cbm_Vermis_CrusI,0,118,14,1
610,Cbm_Right_CrusI,0,118,14,1
611,Cbm_Left_CrusII,122,186,220,1
612,Cbm_Vermis_CrusII,236,13,176,1
613,Cbm_Right_CrusII,12,48,255,1
614,Cbm_Left_VIIb,204,182,142,1
615,Cbm_Vermis_VIIb,42,204,164,1
616,Cbm_Right_VIIb,119,159,176,1
617,Cbm_Left_VIIIa,220,216,20,1
618,Cbm_Vermis_VIIIa,103,255,255,1
619,Cbm_Right_VIIIa,80,196,98,1
620,Cbm_Left_VIIIb,60,58,210,1
621,Cbm_Vermis_VIIIb,60,58,210,1
622,Cbm_Right_VIIIb,60,58,210,1
623,Cbm_Left_IX,60,58,210,1
624,Cbm_Vermis_IX,60,60,60,1
625,Cbm_Right_IX,255,165,0,1
626,Cbm_Left_X,255,165,0,1
627,Cbm_Vermis_X,0,255,127,1
628,Cbm_Right_X,165,42,42,1
640,Cbm_Right_I_V_med,204,0,0,1
641,Cbm_Right_I_V_mid,255,0,0,1
642,Cbm_Right_VI_med,0,0,255,1
643,Cbm_Right_VI_mid,30,144,255,1
644,Cbm_Right_VI_lat,100,212,237,1
645,Cbm_Right_CrusI_med,218,165,32,1
646,Cbm_Right_CrusI_mid,255,215,0,1
647,Cbm_Right_CrusI_lat,255,255,166,1
648,Cbm_Right_CrusII_med,153,0,204,1
649,Cbm_Right_CrusII_mid,153,141,209,1
650,Cbm_Right_CrusII_lat,204,204,255,1
651,Cbm_Right_7med,31,212,194,1
652,Cbm_Right_7mid,3,255,237,1
653,Cbm_Right_7lat,204,255,255,1
654,Cbm_Right_8med,86,74,147,1
655,Cbm_Right_8mid,114,114,190,1
656,Cbm_Right_8lat,184,178,255,1
657,Cbm_Right_PUNs,126,138,37,1
658,Cbm_Right_TONs,189,197,117,1
659,Cbm_Right_FLOs,240,230,140,1
660,Cbm_Left_I_V_med,204,0,0,1
661,Cbm_Left_I_V_mid,255,0,0,1
662,Cbm_Left_VI_med,0,0,255,1
663,Cbm_Left_VI_mid,30,144,255,1
664,Cbm_Left_VI_lat,100,212,237,1
665,Cbm_Left_CrusI_med,218,165,32,1
666,Cbm_Left_CrusI_mid,255,215,0,1
667,Cbm_Left_CrusI_lat,255,255,166,1
668,Cbm_Left_CrusII_med,153,0,204,1
669,Cbm_Left_CrusII_mid,153,141,209,1
670,Cbm_Left_CrusII_lat,204,204,255,1
671,Cbm_Left_7med,31,212,194,1
672,Cbm_Left_7mid,3,255,237,1
673,Cbm_Left_7lat,204,255,255,1
674,Cbm_Left_8med,86,74,147,1
675,Cbm_Left_8mid,114,114,190,1
676,Cbm_Left_8lat,184,178,255,1
677,Cbm_Left_PUNs,126,138,37,1
678,Cbm_Left_TONs,189,197,117,1
679,Cbm_Left_FLOs,240,230,140,1
690,CbmWM_Gyri_Left,122,135,50,1
691,CbmWM_Gyri_Right,122,135,50,1
701,CSF-FSL-FAST,120,18,134,1
702,GrayMatter-FSL-FAST,205,62,78,1
703,WhiteMatter-FSL-FAST,0,225,0,1
801,L_hypothalamus_anterior_inferior,250,255,50,1
802,L_hypothalamus_anterior_superior,80,200,255,1
803,L_hypothalamus_posterior,255,160,0,1
804,L_hypothalamus_tubular_inferior,255,160,200,1
805,L_hypothalamus_tubular_superior,20,180,130,1
806,R_hypothalamus_anterior_inferior,250,255,50,1
807,R_hypothalamus_anterior_superior,80,200,255,1
808,R_hypothalamus_posterior,255,160,0,1
809,R_hypothalamus_tubular_inferior,255,160,200,1
810,R_hypothalamus_tubular_superior,20,180,130,1
999,SUSPICIOUS,255,100,100,1
1000,ctx-lh-unknown,25,5,25,1
1001,ctx-lh-bankssts,25,100,40,1
1002,ctx-lh-caudalanteriorcingulate,125,100,160,1
1003,ctx-lh-caudalmiddlefrontal,100,25,0,1
1004,ctx-lh-corpuscallosum,120,70,50,1
1005,ctx-lh-cuneus,220,20,100,1
1006,ctx-lh-entorhinal,220,20,10,1
1007,ctx-lh-fusiform,180,220,140,1
1008,ctx-lh-inferiorparietal,220,60,220,1
1009,ctx-lh-inferiortemporal,180,40,120,1
1010,ctx-lh-isthmuscingulate,140,20,140,1
1011,ctx-lh-lateraloccipital,20,30,140,1
1012,ctx-lh-lateralorbitofrontal,35,75,50,1
1013,ctx-lh-lingual,225,140,140,1
1014,ctx-lh-medialorbitofrontal,200,35,75,1
1015,ctx-lh-middletemporal,160,100,50,1
1016,ctx-lh-parahippocampal,20,220,60,1
1017,ctx-lh-paracentral,60,220,60,1
1018,ctx-lh-parsopercularis,220,180,140,1
1019,ctx-lh-parsorbitalis,20,100,50,1
1020,ctx-lh-parstriangularis,220,60,20,1
1021,ctx-lh-pericalcarine,120,100,60,1
1022,ctx-lh-postcentral,220,20,20,1
1023,ctx-lh-posteriorcingulate,220,180,220,1
1024,ctx-lh-precentral,60,20,220,1
1025,ctx-lh-precuneus,160,140,180,1
1026,ctx-lh-rostralanteriorcingulate,80,20,140,1
1027,ctx-lh-rostralmiddlefrontal,75,50,125,1
1028,ctx-lh-superiorfrontal,20,220,160,1
1029,ctx-lh-superiorparietal,20,180,140,1
1030,ctx-lh-superiortemporal,140,220,220,1
1031,ctx-lh-supramarginal,80,160,20,1
1032,ctx-lh-frontalpole,100,0,100,1
1033,ctx-lh-temporalpole,70,70,70,1
1034,ctx-lh-transversetemporal,150,150,200,1
1035,ctx-lh-insula,255,192,32,1
2000,ctx-rh-unknown,25,5,25,1
2001,ctx-rh-bankssts,25,100,40,1
2002,ctx-rh-caudalanteriorcingulate,125,100,160,1
2003,ctx-rh-caudalmiddlefrontal,100,25,0,1
2004,ctx-rh-corpuscallosum,120,70,50,1
2005,ctx-rh-cuneus,220,20,100,1
2006,ctx-rh-entorhinal,220,20,10,1
2007,ctx-rh-fusiform,180,220,140,1
2008,ctx-rh-inferiorparietal,220,60,220,1
2009,ctx-rh-inferiortemporal,180,40,120,1
2010,ctx-rh-isthmuscingulate,140,20,140,1
2011,ctx-rh-lateraloccipital,20,30,140,1
2012,ctx-rh-lateralorbitofrontal,35,75,50,1
2013,ctx-rh-lingual,225,140,140,1
2014,ctx-rh-medialorbitofrontal,200,35,75,1
2015,ctx-rh-middletemporal,160,100,50,1
2016,ctx-rh-parahippocampal,20,220,60,1
2017,ctx-rh-paracentral,60,220,60,1
2018,ctx-rh-parsopercularis,220,180,140,1
2019,ctx-rh-parsorbitalis,20,100,50,1
2020,ctx-rh-parstriangularis,220,60,20,1
2021,ctx-rh-pericalcarine,120,100,60,1
2022,ctx-rh-postcentral,220,20,20,1
2023,ctx-rh-posteriorcingulate,220,180,220,1
2024,ctx-rh-precentral,60,20,220,1
2025,ctx-rh-precuneus,160,140,180,1
2026,ctx-rh-rostralanteriorcingulate,80,20,140,1
2027,ctx-rh-rostralmiddlefrontal,75,50,125,1
2028,ctx-rh-superiorfrontal,20,220,160,1
2029,ctx-rh-superiorparietal,20,180,140,1
2030,ctx-rh-superiortemporal,140,220,220,1
2031,ctx-rh-supramarginal,80,160,20,1
2032,ctx-rh-frontalpole,100,0,100,1
2033,ctx-rh-temporalpole,70,70,70,1
2034,ctx-rh-transversetemporal,150,150,200,1
2035,ctx-rh-insula,255,192,32,1
3000,wm-lh-unknown,230,250,230,1
3001,wm-lh-bankssts,230,155,215,1
3002,wm-lh-caudalanteriorcingulate,130,155,95,1
3003,wm-lh-caudalmiddlefrontal,155,230,255,1
3004,wm-lh-corpuscallosum,135,185,205,1
3005,wm-lh-cuneus,35,235,155,1
3006,wm-lh-entorhinal,35,235,245,1
3007,wm-lh-fusiform,75,35,115,1
3008,wm-lh-inferiorparietal,35,195,35,1
3009,wm-lh-inferiortemporal,75,215,135,1
3010,wm-lh-isthmuscingulate,115,235,115,1
3011,wm-lh-lateraloccipital,235,225,115,1
3012,wm-lh-lateralorbitofrontal,220,180,205,1
3013,wm-lh-lingual,30,115,115,1
3014,wm-lh-medialorbitofrontal,55,220,180,1
3015,wm-lh-middletemporal,95,155,205,1
3016,wm-lh-parahippocampal,235,35,195,1
3017,wm-lh-paracentral,195,35,195,1
3018,wm-lh-parsopercularis,35,75,115,1
3019,wm-lh-parsorbitalis,235,155,205,1
3020,wm-lh-parstriangularis,35,195,235,1
3021,wm-lh-pericalcarine,135,155,195,1
3022,wm-lh-postcentral,35,235,235,1
3023,wm-lh-posteriorcingulate,35,75,35,1
3024,wm-lh-precentral,195,235,35,1
3025,wm-lh-precuneus,95,115,75,1
3026,wm-lh-rostralanteriorcingulate,175,235,115,1
3027,wm-lh-rostralmiddlefrontal,180,205,130,1
3028,wm-lh-superiorfrontal,235,35,95,1
3029,wm-lh-superiorparietal,235,75,115,1
3030,wm-lh-superiortemporal,115,35,35,1
3031,wm-lh-supramarginal,175,95,235,1
3032,wm-lh-frontalpole,155,255,155,1
3033,wm-lh-temporalpole,185,185,185,1
3034,wm-lh-transversetemporal,105,105,55,1
3035,wm-lh-insula,20,220,160,1
4000,wm-rh-unknown,230,250,230,1
4001,wm-rh-bankssts,230,155,215,1
4002,wm-rh-caudalanteriorcingulate,130,155,95,1
4003,wm-rh-caudalmiddlefrontal,155,230,255,1
4004,wm-rh-corpuscallosum,135,185,205,1
4005,wm-rh-cuneus,35,235,155,1
4006,wm-rh-entorhinal,35,235,245,1
4007,wm-rh-fusiform,75,35,115,1
4008,wm-rh-inferiorparietal,35,195,35,1
4009,wm-rh-inferiortemporal,75,215,135,1
4010,wm-rh-isthmuscingulate,115,235,115,1
4011,wm-rh-lateraloccipital,235,225,115,1
4012,wm-rh-lateralorbitofrontal,220,180,205,1
4013,wm-rh-lingual,30,115,115,1
4014,wm-rh-medialorbitofrontal,55,220,180,1
4015,wm-rh-middletemporal,95,155,205,1
4016,wm-rh-parahippocampal,235,35,195,1
4017,wm-rh-paracentral,195,35,195,1
4018,wm-rh-parsopercularis,35,75,115,1
4019,wm-rh-parsorbitalis,235,155,205,1
4020,wm-rh-parstriangularis,35,195,235,1
4021,wm-rh-pericalcarine,135,155,195,1
4022,wm-rh-postcentral,35,235,235,1
4023,wm-rh-posteriorcingulate,35,75,35,1
4024,wm-rh-precentral,195,235,35,1
4025,wm-rh-precuneus,95,115,75,1
4026,wm-rh-rostralanteriorcingulate,175,235,115,1
4027,wm-rh-rostralmiddlefrontal,180,205,130,1
4028,wm-rh-superiorfrontal,235,35,95,1
4029,wm-rh-superiorparietal,235,75,115,1
4030,wm-rh-superiortemporal,115,35,35,1
4031,wm-rh-supramarginal,175,95,235,1
4032,wm-rh-frontalpole,155,255,155,1
4033,wm-rh-temporalpole,185,185,185,1
4034,wm-rh-transversetemporal,105,105,55,1
4035,wm-rh-insula,20,220,160,1
1301,ctx-lh-frontal-lobe,25,100,40,1
1303,ctx-lh-cingulate-lobe,100,25,0,1
1304,ctx-lh-occipital-lobe,120,70,50,1
1305,ctx-lh-temporal-lobe,220,20,100,1
1306,ctx-lh-parietal-lobe,220,20,10,1
1307,ctx-lh-insula-lobe,255,192,32,1
2301,ctx-rh-frontal-lobe,25,100,40,1
2303,ctx-rh-cingulate-lobe,100,25,0,1
2304,ctx-rh-occipital-lobe,120,70,50,1
2305,ctx-rh-temporal-lobe,220,20,100,1
2306,ctx-rh-parietal-lobe,220,20,10,1
2307,ctx-rh-insula-lobe,255,192,32,1
3201,wm-lh-frontal-lobe,235,35,95,1
3203,wm-lh-cingulate-lobe,35,75,35,1
3204,wm-lh-occipital-lobe,135,155,195,1
3205,wm-lh-temporal-lobe,115,35,35,1
3206,wm-lh-parietal-lobe,35,195,35,1
3207,wm-lh-insula-lobe,20,220,160,1
4201,wm-rh-frontal-lobe,235,35,95,1
4203,wm-rh-cingulate-lobe,35,75,35,1
4204,wm-rh-occipital-lobe,135,155,195,1
4205,wm-rh-temporal-lobe,115,35,35,1
4206,wm-rh-parietal-lobe,35,195,35,1
4207,wm-rh-insula-lobe,20,220,160,1
1100,ctx-lh-Unknown,0,0,0,1
1101,ctx-lh-Corpus_callosum,50,50,50,1
1102,ctx-lh-G_and_S_Insula_ONLY_AVERAGE,180,20,30,1
1103,ctx-lh-G_cingulate-Isthmus,60,25,25,1
1104,ctx-lh-G_cingulate-Main_part,25,60,60,1
1200,ctx-lh-G_cingulate-caudal_ACC,25,60,61,1
1201,ctx-lh-G_cingulate-rostral_ACC,25,90,60,1
1202,ctx-lh-G_cingulate-posterior,25,120,60,1
1205,ctx-lh-S_cingulate-caudal_ACC,25,150,60,1
1206,ctx-lh-S_cingulate-rostral_ACC,25,180,60,1
1207,ctx-lh-S_cingulate-posterior,25,210,60,1
1210,ctx-lh-S_pericallosal-caudal,25,150,90,1
1211,ctx-lh-S_pericallosal-rostral,25,180,90,1
1212,ctx-lh-S_pericallosal-posterior,25,210,90,1
1105,ctx-lh-G_cuneus,180,20,20,1
1106,ctx-lh-G_frontal_inf-Opercular_part,220,20,100,1
1107,ctx-lh-G_frontal_inf-Orbital_part,140,60,60,1
1108,ctx-lh-G_frontal_inf-Triangular_part,180,220,140,1
1109,ctx-lh-G_frontal_middle,140,100,180,1
1110,ctx-lh-G_frontal_superior,180,20,140,1
1111,ctx-lh-G_frontomarginal,140,20,140,1
1112,ctx-lh-G_insular_long,21,10,10,1
1113,ctx-lh-G_insular_short,225,140,140,1
1114,ctx-lh-G_and_S_occipital_inferior,23,60,180,1
1115,ctx-lh-G_occipital_middle,180,60,180,1
1116,ctx-lh-G_occipital_superior,20,220,60,1
1117,ctx-lh-G_occipit-temp_lat-Or_fusiform,60,20,140,1
1118,ctx-lh-G_occipit-temp_med-Lingual_part,220,180,140,1
1119,ctx-lh-G_occipit-temp_med-Parahippocampal_part,65,100,20,1
1120,ctx-lh-G_orbital,220,60,20,1
1121,ctx-lh-G_paracentral,60,100,60,1
1122,ctx-lh-G_parietal_inferior-Angular_part,20,60,220,1
1123,ctx-lh-G_parietal_inferior-Supramarginal_part,100,100,60,1
1124,ctx-lh-G_parietal_superior,220,180,220,1
1125,ctx-lh-G_postcentral,20,180,140,1
1126,ctx-lh-G_precentral,60,140,180,1
1127,ctx-lh-G_precuneus,25,20,140,1
1128,ctx-lh-G_rectus,20,60,100,1
1129,ctx-lh-G_subcallosal,60,220,20,1
1130,ctx-lh-G_subcentral,60,20,220,1
1131,ctx-lh-G_temporal_inferior,220,220,100,1
1132,ctx-lh-G_temporal_middle,180,60,60,1
1133,ctx-lh-G_temp_sup-G_temp_transv_and_interm_S,60,60,220,1
1134,ctx-lh-G_temp_sup-Lateral_aspect,220,60,220,1
1135,ctx-lh-G_temp_sup-Planum_polare,65,220,60,1
1136,ctx-lh-G_temp_sup-Planum_tempolare,25,140,20,1
1137,ctx-lh-G_and_S_transverse_frontopolar,13,0,250,1
1138,ctx-lh-Lat_Fissure-ant_sgt-ramus_horizontal,61,20,220,1
1139,ctx-lh-Lat_Fissure-ant_sgt-ramus_vertical,61,20,60,1
1140,ctx-lh-Lat_Fissure-post_sgt,61,60,100,1
1141,ctx-lh-Medial_wall,25,25,25,1
1142,ctx-lh-Pole_occipital,140,20,60,1
1143,ctx-lh-Pole_temporal,220,180,20,1
1144,ctx-lh-S_calcarine,63,180,180,1
1145,ctx-lh-S_central,221,20,10,1
1146,ctx-lh-S_central_insula,21,220,20,1
1147,ctx-lh-S_cingulate-Main_part_and_Intracingulate,183,100,20,1
1148,ctx-lh-S_cingulate-Marginalis_part,221,20,100,1
1149,ctx-lh-S_circular_insula_anterior,221,60,140,1
1150,ctx-lh-S_circular_insula_inferior,221,20,220,1
1151,ctx-lh-S_circular_insula_superior,61,220,220,1
1152,ctx-lh-S_collateral_transverse_ant,100,200,200,1
1153,ctx-lh-S_collateral_transverse_post,10,200,200,1
1154,ctx-lh-S_frontal_inferior,221,220,20,1
1155,ctx-lh-S_frontal_middle,141,20,100,1
1156,ctx-lh-S_frontal_superior,61,220,100,1
1157,ctx-lh-S_frontomarginal,21,220,60,1
1158,ctx-lh-S_intermedius_primus-Jensen,141,60,20,1
1159,ctx-lh-S_intraparietal-and_Parietal_transverse,143,20,220,1
1160,ctx-lh-S_occipital_anterior,61,20,180,1
1161,ctx-lh-S_occipital_middle_and_Lunatus,101,60,220,1
1162,ctx-lh-S_occipital_superior_and_transversalis,21,20,140,1
1163,ctx-lh-S_occipito-temporal_lateral,221,140,20,1
1164,ctx-lh-S_occipito-temporal_medial_and_S_Lingual,141,100,220,1
1165,ctx-lh-S_orbital-H_shapped,101,20,20,1
1166,ctx-lh-S_orbital_lateral,221,100,20,1
1167,ctx-lh-S_orbital_medial-Or_olfactory,181,200,20,1
1168,ctx-lh-S_paracentral,21,180,140,1
1169,ctx-lh-S_parieto_occipital,101,100,180,1
1170,ctx-lh-S_pericallosal,181,220,20,1
1171,ctx-lh-S_postcentral,21,140,200,1
1172,ctx-lh-S_precentral-Inferior-part,21,20,240,1
1173,ctx-lh-S_precentral-Superior-part,21,20,200,1
1174,ctx-lh-S_subcentral_ant,61,180,60,1
1175,ctx-lh-S_subcentral_post,61,180,250,1
1176,ctx-lh-S_suborbital,21,20,60,1
1177,ctx-lh-S_subparietal,101,60,60,1
1178,ctx-lh-S_supracingulate,21,220,220,1
1179,ctx-lh-S_temporal_inferior,21,180,180,1
1180,ctx-lh-S_temporal_superior,223,220,60,1
1181,ctx-lh-S_temporal_transverse,221,60,60,1
2100,ctx-rh-Unknown,0,0,0,1
2101,ctx-rh-Corpus_callosum,50,50,50,1
2102,ctx-rh-G_and_S_Insula_ONLY_AVERAGE,180,20,30,1
2103,ctx-rh-G_cingulate-Isthmus,60,25,25,1
2104,ctx-rh-G_cingulate-Main_part,25,60,60,1
2105,ctx-rh-G_cuneus,180,20,20,1
2106,ctx-rh-G_frontal_inf-Opercular_part,220,20,100,1
2107,ctx-rh-G_frontal_inf-Orbital_part,140,60,60,1
2108,ctx-rh-G_frontal_inf-Triangular_part,180,220,140,1
2109,ctx-rh-G_frontal_middle,140,100,180,1
2110,ctx-rh-G_frontal_superior,180,20,140,1
2111,ctx-rh-G_frontomarginal,140,20,140,1
2112,ctx-rh-G_insular_long,21,10,10,1
2113,ctx-rh-G_insular_short,225,140,140,1
2114,ctx-rh-G_and_S_occipital_inferior,23,60,180,1
2115,ctx-rh-G_occipital_middle,180,60,180,1
2116,ctx-rh-G_occipital_superior,20,220,60,1
2117,ctx-rh-G_occipit-temp_lat-Or_fusiform,60,20,140,1
2118,ctx-rh-G_occipit-temp_med-Lingual_part,220,180,140,1
2119,ctx-rh-G_occipit-temp_med-Parahippocampal_part,65,100,20,1
2120,ctx-rh-G_orbital,220,60,20,1
2121,ctx-rh-G_paracentral,60,100,60,1
2122,ctx-rh-G_parietal_inferior-Angular_part,20,60,220,1
2123,ctx-rh-G_parietal_inferior-Supramarginal_part,100,100,60,1
2124,ctx-rh-G_parietal_superior,220,180,220,1
2125,ctx-rh-G_postcentral,20,180,140,1
2126,ctx-rh-G_precentral,60,140,180,1
2127,ctx-rh-G_precuneus,25,20,140,1
2128,ctx-rh-G_rectus,20,60,100,1
2129,ctx-rh-G_subcallosal,60,220,20,1
2130,ctx-rh-G_subcentral,60,20,220,1
2131,ctx-rh-G_temporal_inferior,220,220,100,1
2132,ctx-rh-G_temporal_middle,180,60,60,1
2133,ctx-rh-G_temp_sup-G_temp_transv_and_interm_S,60,60,220,1
2134,ctx-rh-G_temp_sup-Lateral_aspect,220,60,220,1
2135,ctx-rh-G_temp_sup-Planum_polare,65,220,60,1
2136,ctx-rh-G_temp_sup-Planum_tempolare,25,140,20,1
2137,ctx-rh-G_and_S_transverse_frontopolar,13,0,250,1
2138,ctx-rh-Lat_Fissure-ant_sgt-ramus_horizontal,61,20,220,1
2139,ctx-rh-Lat_Fissure-ant_sgt-ramus_vertical,61,20,60,1
2140,ctx-rh-Lat_Fissure-post_sgt,61,60,100,1
2141,ctx-rh-Medial_wall,25,25,25,1
2142,ctx-rh-Pole_occipital,140,20,60,1
2143,ctx-rh-Pole_temporal,220,180,20,1
2144,ctx-rh-S_calcarine,63,180,180,1
2145,ctx-rh-S_central,221,20,10,1
2146,ctx-rh-S_central_insula,21,220,20,1
2147,ctx-rh-S_cingulate-Main_part_and_Intracingulate,183,100,20,1
2148,ctx-rh-S_cingulate-Marginalis_part,221,20,100,1
2149,ctx-rh-S_circular_insula_anterior,221,60,140,1
2150,ctx-rh-S_circular_insula_inferior,221,20,220,1
2151,ctx-rh-S_circular_insula_superior,61,220,220,1
2152,ctx-rh-S_collateral_transverse_ant,100,200,200,1
2153,ctx-rh-S_collateral_transverse_post,10,200,200,1
2154,ctx-rh-S_frontal_inferior,221,220,20,1
2155,ctx-rh-S_frontal_middle,141,20,100,1
2156,ctx-rh-S_frontal_superior,61,220,100,1
2157,ctx-rh-S_frontomarginal,21,220,60,1
2158,ctx-rh-S_intermedius_primus-Jensen,141,60,20,1
2159,ctx-rh-S_intraparietal-and_Parietal_transverse,143,20,220,1
2160,ctx-rh-S_occipital_anterior,61,20,180,1
2161,ctx-rh-S_occipital_middle_and_Lunatus,101,60,220,1
2162,ctx-rh-S_occipital_superior_and_transversalis,21,20,140,1
2163,ctx-rh-S_occipito-temporal_lateral,221,140,20,1
2164,ctx-rh-S_occipito-temporal_medial_and_S_Lingual,141,100,220,1
2165,ctx-rh-S_orbital-H_shapped,101,20,20,1
2166,ctx-rh-S_orbital_lateral,221,100,20,1
2167,ctx-rh-S_orbital_medial-Or_olfactory,181,200,20,1
2168,ctx-rh-S_paracentral,21,180,140,1
2169,ctx-rh-S_parieto_occipital,101,100,180,1
2170,ctx-rh-S_pericallosal,181,220,20,1
2171,ctx-rh-S_postcentral,21,140,200,1
2172,ctx-rh-S_precentral-Inferior-part,21,20,240,1
2173,ctx-rh-S_precentral-Superior-part,21,20,200,1
2174,ctx-rh-S_subcentral_ant,61,180,60,1
2175,ctx-rh-S_subcentral_post,61,180,250,1
2176,ctx-rh-S_suborbital,21,20,60,1
2177,ctx-rh-S_subparietal,101,60,60,1
2178,ctx-rh-S_supracingulate,21,220,220,1
2179,ctx-rh-S_temporal_inferior,21,180,180,1
2180,ctx-rh-S_temporal_superior,223,220,60,1
2181,ctx-rh-S_temporal_transverse,221,60,60,1
2200,ctx-rh-G_cingulate-caudal_ACC,25,60,61,1
2201,ctx-rh-G_cingulate-rostral_ACC,25,90,60,1
2202,ctx-rh-G_cingulate-posterior,25,120,60,1
2205,ctx-rh-S_cingulate-caudal_ACC,25,150,60,1
2206,ctx-rh-S_cingulate-rostral_ACC,25,180,60,1
2207,ctx-rh-S_cingulate-posterior,25,210,60,1
2210,ctx-rh-S_pericallosal-caudal,25,150,90,1
2211,ctx-rh-S_pericallosal-rostral,25,180,90,1
2212,ctx-rh-S_pericallosal-posterior,25,210,90,1
3100,wm-lh-Unknown,0,0,0,1
3101,wm-lh-Corpus_callosum,50,50,50,1
3102,wm-lh-G_and_S_Insula_ONLY_AVERAGE,180,20,30,1
3103,wm-lh-G_cingulate-Isthmus,60,25,25,1
3104,wm-lh-G_cingulate-Main_part,25,60,60,1
3105,wm-lh-G_cuneus,180,20,20,1
3106,wm-lh-G_frontal_inf-Opercular_part,220,20,100,1
3107,wm-lh-G_frontal_inf-Orbital_part,140,60,60,1
3108,wm-lh-G_frontal_inf-Triangular_part,180,220,140,1
3109,wm-lh-G_frontal_middle,140,100,180,1
3110,wm-lh-G_frontal_superior,180,20,140,1
3111,wm-lh-G_frontomarginal,140,20,140,1
3112,wm-lh-G_insular_long,21,10,10,1
3113,wm-lh-G_insular_short,225,140,140,1
3114,wm-lh-G_and_S_occipital_inferior,23,60,180,1
3115,wm-lh-G_occipital_middle,180,60,180,1
3116,wm-lh-G_occipital_superior,20,220,60,1
3117,wm-lh-G_occipit-temp_lat-Or_fusiform,60,20,140,1
3118,wm-lh-G_occipit-temp_med-Lingual_part,220,180,140,1
3119,wm-lh-G_occipit-temp_med-Parahippocampal_part,65,100,20,1
3120,wm-lh-G_orbital,220,60,20,1
3121,wm-lh-G_paracentral,60,100,60,1
3122,wm-lh-G_parietal_inferior-Angular_part,20,60,220,1
3123,wm-lh-G_parietal_inferior-Supramarginal_part,100,100,60,1
3124,wm-lh-G_parietal_superior,220,180,220,1
3125,wm-lh-G_postcentral,20,180,140,1
3126,wm-lh-G_precentral,60,140,180,1
3127,wm-lh-G_precuneus,25,20,140,1
3128,wm-lh-G_rectus,20,60,100,1
3129,wm-lh-G_subcallosal,60,220,20,1
3130,wm-lh-G_subcentral,60,20,220,1
3131,wm-lh-G_temporal_inferior,220,220,100,1
3132,wm-lh-G_temporal_middle,180,60,60,1
3133,wm-lh-G_temp_sup-G_temp_transv_and_interm_S,60,60,220,1
3134,wm-lh-G_temp_sup-Lateral_aspect,220,60,220,1
3135,wm-lh-G_temp_sup-Planum_polare,65,220,60,1
3136,wm-lh-G_temp_sup-Planum_tempolare,25,140,20,1
3137,wm-lh-G_and_S_transverse_frontopolar,13,0,250,1
3138,wm-lh-Lat_Fissure-ant_sgt-ramus_horizontal,61,20,220,1
3139,wm-lh-Lat_Fissure-ant_sgt-ramus_vertical,61,20,60,1
3140,wm-lh-Lat_Fissure-post_sgt,61,60,100,1
3141,wm-lh-Medial_wall,25,25,25,1
3142,wm-lh-Pole_occipital,140,20,60,1
3143,wm-lh-Pole_temporal,220,180,20,1
3144,wm-lh-S_calcarine,63,180,180,1
3145,wm-lh-S_central,221,20,10,1
3146,wm-lh-S_central_insula,21,220,20,1
3147,wm-lh-S_cingulate-Main_part_and_Intracingulate,183,100,20,1
3148,wm-lh-S_cingulate-Marginalis_part,221,20,100,1
3149,wm-lh-S_circular_insula_anterior,221,60,140,1
3150,wm-lh-S_circular_insula_inferior,221,20,220,1
3151,wm-lh-S_circular_insula_superior,61,220,220,1
3152,wm-lh-S_collateral_transverse_ant,100,200,200,1
3153,wm-lh-S_collateral_transverse_post,10,200,200,1
3154,wm-lh-S_frontal_inferior,221,220,20,1
3155,wm-lh-S_frontal_middle,141,20,100,1
3156,wm-lh-S_frontal_superior,61,220,100,1
3157,wm-lh-S_frontomarginal,21,220,60,1
3158,wm-lh-S_intermedius_primus-Jensen,141,60,20,1
3159,wm-lh-S_intraparietal-and_Parietal_transverse,143,20,220,1
3160,wm-lh-S_occipital_anterior,61,20,180,1
3161,wm-lh-S_occipital_middle_and_Lunatus,101,60,220,1
3162,wm-lh-S_occipital_superior_and_transversalis,21,20,140,1
3163,wm-lh-S_occipito-temporal_lateral,221,140,20,1
3164,wm-lh-S_occipito-temporal_medial_and_S_Lingual,141,100,220,1
3165,wm-lh-S_orbital-H_shapped,101,20,20,1
3166,wm-lh-S_orbital_lateral,221,100,20,1
3167,wm-lh-S_orbital_medial-Or_olfactory,181,200,20,1
3168,wm-lh-S_paracentral,21,180,140,1
3169,wm-lh-S_parieto_occipital,101,100,180,1
3170,wm-lh-S_pericallosal,181,220,20,1
3171,wm-lh-S_postcentral,21,140,200,1
3172,wm-lh-S_precentral-Inferior-part,21,20,240,1
3173,wm-lh-S_precentral-Superior-part,21,20,200,1
3174,wm-lh-S_subcentral_ant,61,180,60,1
3175,wm-lh-S_subcentral_post,61,180,250,1
3176,wm-lh-S_suborbital,21,20,60,1
3177,wm-lh-S_subparietal,101,60,60,1
3178,wm-lh-S_supracingulate,21,220,220,1
3179,wm-lh-S_temporal_inferior,21,180,180,1
3180,wm-lh-S_temporal_superior,223,220,60,1
3181,wm-lh-S_temporal_transverse,221,60,60,1
4100,wm-rh-Unknown,0,0,0,1
4101,wm-rh-Corpus_callosum,50,50,50,1
4102,wm-rh-G_and_S_Insula_ONLY_AVERAGE,180,20,30,1
4103,wm-rh-G_cingulate-Isthmus,60,25,25,1
4104,wm-rh-G_cingulate-Main_part,25,60,60,1
4105,wm-rh-G_cuneus,180,20,20,1
4106,wm-rh-G_frontal_inf-Opercular_part,220,20,100,1
4107,wm-rh-G_frontal_inf-Orbital_part,140,60,60,1
4108,wm-rh-G_frontal_inf-Triangular_part,180,220,140,1
4109,wm-rh-G_frontal_middle,140,100,180,1
4110,wm-rh-G_frontal_superior,180,20,140,1
4111,wm-rh-G_frontomarginal,140,20,140,1
4112,wm-rh-G_insular_long,21,10,10,1
4113,wm-rh-G_insular_short,225,140,140,1
4114,wm-rh-G_and_S_occipital_inferior,23,60,180,1
4115,wm-rh-G_occipital_middle,180,60,180,1
4116,wm-rh-G_occipital_superior,20,220,60,1
4117,wm-rh-G_occipit-temp_lat-Or_fusiform,60,20,140,1
4118,wm-rh-G_occipit-temp_med-Lingual_part,220,180,140,1
4119,wm-rh-G_occipit-temp_med-Parahippocampal_part,65,100,20,1
4120,wm-rh-G_orbital,220,60,20,1
4121,wm-rh-G_paracentral,60,100,60,1
4122,wm-rh-G_parietal_inferior-Angular_part,20,60,220,1
4123,wm-rh-G_parietal_inferior-Supramarginal_part,100,100,60,1
4124,wm-rh-G_parietal_superior,220,180,220,1
4125,wm-rh-G_postcentral,20,180,140,1
4126,wm-rh-G_precentral,60,140,180,1
4127,wm-rh-G_precuneus,25,20,140,1
4128,wm-rh-G_rectus,20,60,100,1
4129,wm-rh-G_subcallosal,60,220,20,1
4130,wm-rh-G_subcentral,60,20,220,1
4131,wm-rh-G_temporal_inferior,220,220,100,1
4132,wm-rh-G_temporal_middle,180,60,60,1
4133,wm-rh-G_temp_sup-G_temp_transv_and_interm_S,60,60,220,1
4134,wm-rh-G_temp_sup-Lateral_aspect,220,60,220,1
4135,wm-rh-G_temp_sup-Planum_polare,65,220,60,1
4136,wm-rh-G_temp_sup-Planum_tempolare,25,140,20,1
4137,wm-rh-G_and_S_transverse_frontopolar,13,0,250,1
4138,wm-rh-Lat_Fissure-ant_sgt-ramus_horizontal,61,20,220,1
4139,wm-rh-Lat_Fissure-ant_sgt-ramus_vertical,61,20,60,1
4140,wm-rh-Lat_Fissure-post_sgt,61,60,100,1
4141,wm-rh-Medial_wall,25,25,25,1
4142,wm-rh-Pole_occipital,140,20,60,1
4143,wm-rh-Pole_temporal,220,180,20,1
4144,wm-rh-S_calcarine,63,180,180,1
4145,wm-rh-S_central,221,20,10,1
4146,wm-rh-S_central_insula,21,220,20,1
4147,wm-rh-S_cingulate-Main_part_and_Intracingulate,183,100,20,1
4148,wm-rh-S_cingulate-Marginalis_part,221,20,100,1
4149,wm-rh-S_circular_insula_anterior,221,60,140,1
4150,wm-rh-S_circular_insula_inferior,221,20,220,1
4151,wm-rh-S_circular_insula_superior,61,220,220,1
4152,wm-rh-S_collateral_transverse_ant,100,200,200,1
4153,wm-rh-S_collateral_transverse_post,10,200,200,1
4154,wm-rh-S_frontal_inferior,221,220,20,1
4155,wm-rh-S_frontal_middle,141,20,100,1
4156,wm-rh-S_frontal_superior,61,220,100,1
4157,wm-rh-S_frontomarginal,21,220,60,1
4158,wm-rh-S_intermedius_primus-Jensen,141,60,20,1
4159,wm-rh-S_intraparietal-and_Parietal_transverse,143,20,220,1
4160,wm-rh-S_occipital_anterior,61,20,180,1
4161,wm-rh-S_occipital_middle_and_Lunatus,101,60,220,1
4162,wm-rh-S_occipital_superior_and_transversalis,21,20,140,1
4163,wm-rh-S_occipito-temporal_lateral,221,140,20,1
4164,wm-rh-S_occipito-temporal_medial_and_S_Lingual,141,100,220,1
4165,wm-rh-S_orbital-H_shapped,101,20,20,1
4166,wm-rh-S_orbital_lateral,221,100,20,1
4167,wm-rh-S_orbital_medial-Or_olfactory,181,200,20,1
4168,wm-rh-S_paracentral,21,180,140,1
4169,wm-rh-S_parieto_occipital,101,100,180,1
4170,wm-rh-S_pericallosal,181,220,20,1
4171,wm-rh-S_postcentral,21,140,200,1
4172,wm-rh-S_precentral-Inferior-part,21,20,240,1
4173,wm-rh-S_precentral-Superior-part,21,20,200,1
4174,wm-rh-S_subcentral_ant,61,180,60,1
4175,wm-rh-S_subcentral_post,61,180,250,1
4176,wm-rh-S_suborbital,21,20,60,1
4177,wm-rh-S_subparietal,101,60,60,1
4178,wm-rh-S_supracingulate,21,220,220,1
4179,wm-rh-S_temporal_inferior,21,180,180,1
4180,wm-rh-S_temporal_superior,223,220,60,1
4181,wm-rh-S_temporal_transverse,221,60,60,1
5001,Left-UnsegmentedWhiteMatter,20,30,40,1
5002,Right-UnsegmentedWhiteMatter,20,30,40,1
5100,fmajor,204,102,102,1
5101,fminor,204,102,102,1
5102,cc.body,204,102,102,1
5103,cc.bodyc,255,153,153,1
5104,cc.bodypf,255,153,153,1
5105,cc.bodypm,255,204,204,1
5106,cc.bodyp,255,102,102,1
5107,cc.bodyt,255,204,204,1
5108,cc.genu,255,102,102,1
5109,cc.rostrum,204,51,51,1
5110,cc.splenium,204,51,51,1
5111,acomm,204,102,102,1
5112,mcp,102,51,153,1
5200,lh.atr,255,255,102,1
5201,lh.cab,153,204,0,1
5202,lh.ccg,0,153,153,1
5203,lh.cst,204,153,255,1
5204,lh.ilf,255,153,51,1
5205,lh.slfp,204,204,204,1
5206,lh.slft,153,255,255,1
5207,lh.unc,102,153,255,1
5208,lh.cb,0,153,153,1
5209,lh.slf,204,204,204,1
5210,lh.af,153,255,255,1
5211,lh.ifof,51,153,51,1
5212,lh.fx,255,153,204,1
5213,lh.fat,204,51,102,1
5214,lh.or,153,102,255,1
5215,lh.mlf,255,255,204,1
5216,lh.slf1,51,204,255,1
5217,lh.slf2,51,255,204,1
5218,lh.slf3,204,204,204,1
5219,lh.afd,153,255,255,1
5220,lh.afv,153,255,255,1
5221,lh.ar,153,0,204,1
5222,lh.cbd,0,153,153,1
5223,lh.cbv,153,204,0,1
5224,lh.emc,51,153,51,1
5225,lh.uf,102,153,255,1
5300,rh.atr,255,255,102,1
5301,rh.cab,153,204,0,1
5302,rh.ccg,0,153,153,1
5303,rh.cst,204,153,255,1
5304,rh.ilf,255,153,51,1
5305,rh.slfp,204,204,204,1
5306,rh.slft,153,255,255,1
5307,rh.unc,102,153,255,1
5308,rh.cb,0,153,153,1
5309,rh.slf,204,204,204,1
5310,rh.af,153,255,255,1
5311,rh.ifof,51,153,51,1
5312,rh.fx,255,153,204,1
5313,rh.fat,204,51,102,1
5314,rh.or,153,102,255,1
5315,rh.mlf,255,255,204,1
5316,rh.slf1,51,204,255,1
5317,rh.slf2,51,255,204,1
5318,rh.slf3,204,204,204,1
5319,rh.afd,153,255,255,1
5320,rh.afv,153,255,255,1
5321,rh.ar,153,0,204,1
5322,rh.cbd,0,153,153,1
5323,rh.cbv,153,204,0,1
5324,rh.emc,51,153,51,1
5325,rh.uf,102,153,255,1
6000,CST-orig,0,255,0,1
6001,CST-hammer,255,255,0,1
6002,CST-CVS,0,255,255,1
6003,CST-flirt,0,0,255,1
6010,Left-SLF1,236,16,231,1
6020,Right-SLF1,237,18,232,1
6030,Left-SLF3,236,13,227,1
6040,Right-SLF3,236,17,228,1
6050,Left-CST,1,255,1,1
6060,Right-CST,2,255,1,1
6070,Left-SLF2,236,14,230,1
6080,Right-SLF2,237,14,230,1
7001,Lateral-nucleus,72,132,181,1
7002,Basolateral-nucleus,243,243,243,1
7003,Basal-nucleus,207,63,79,1
7004,Centromedial-nucleus,121,20,135,1
7005,Central-nucleus,197,60,248,1
7006,Medial-nucleus,2,149,2,1
7007,Cortical-nucleus,221,249,166,1
7008,Accessory-Basal-nucleus,232,146,35,1
7009,Corticoamygdaloid-transitio,20,60,120,1
7010,Anterior-amygdaloid-area-AAA,250,250,0,1
7011,Fusion-amygdala-HP-FAH,122,187,222,1
7012,Hippocampal-amygdala-transition-HATA,237,12,177,1
7013,Endopiriform-nucleus,10,49,255,1
7014,Lateral-nucleus-olfactory-tract,205,184,144,1
7015,Paralaminar-nucleus,45,205,165,1
7016,Intercalated-nucleus,117,160,175,1
7017,Prepiriform-cortex,221,217,21,1
7018,Periamygdaloid-cortex,20,60,120,1
7019,Envelope-Amygdala,141,21,100,1
7020,Extranuclear-Amydala,225,140,141,1
7100,Brainstem-inferior-colliculus,42,201,168,1
7101,Brainstem-cochlear-nucleus,168,104,162,1
7201,DR,121,255,250,1
7202,MnR,0,255,0,1
7203,PAG,153,153,255,1
7204,VTA,255,0,255,1
7301,Left-LC,0,0,255,1
7302,Left-LDTg,255,127,0,1
7303,Left-mRt,255,0,0,1
7304,Left-PBC,255,255,0,1
7305,Left-PnO,0,127,255,1
7306,Left-PTg,127,0,255,1
7401,Right-LC,0,0,255,1
7402,Right-LDTg,255,127,0,1
7403,Right-mRt,255,0,0,1
7404,Right-PBC,255,255,0,1
7405,Right-PnO,0,127,255,1
7406,Right-PTg,127,0,255,1
8001,Thalamus-Anterior,74,130,181,1
8002,Thalamus-Ventral-anterior,242,241,240,1
8003,Thalamus-Lateral-dorsal,206,65,78,1
8004,Thalamus-Lateral-posterior,120,21,133,1
8005,Thalamus-Ventral-lateral,195,61,246,1
8006,Thalamus-Ventral-posterior-medial,3,147,6,1
8007,Thalamus-Ventral-posterior-lateral,220,251,163,1
8008,Thalamus-intralaminar,232,146,33,1
8009,Thalamus-centromedian,4,114,14,1
8010,Thalamus-mediodorsal,121,184,220,1
8011,Thalamus-medial,235,11,175,1
8012,Thalamus-pulvinar,12,46,250,1
8013,Thalamus-lateral-geniculate,203,182,143,1
8014,Thalamus-medial-geniculate,42,204,167,1
8103,Left-AV,0,85,0,1
8104,Left-CeM,170,85,0,1
8105,Left-CL,0,170,0,1
8106,Left-CM,170,170,0,1
8108,Left-LD,170,255,0,1
8109,Left-LGN,0,0,127,1
8110,Left-LP,0,85,127,1
8111,Left-L-Sg,170,85,127,1
8112,Left-MDl,0,170,127,1
8113,Left-MDm,170,170,127,1
8115,Left-MGN,170,255,127,1
8116,Left-MV(Re),0,0,255,1
8117,Left-Pc,170,0,255,1
8118,Left-Pf,0,85,255,1
8119,Left-Pt,170,85,255,1
8120,Left-PuA,0,170,255,1
8121,Left-PuI,170,170,255,1
8122,Left-PuL,0,255,255,1
8123,Left-PuM,170,255,255,1
8125,Left-R,255,0,0,1
8126,Left-VA,85,85,0,1
8127,Left-VAmc,255,85,0,1
8128,Left-VLa,85,170,0,1
8129,Left-VLp,255,170,0,1
8130,Left-VM,85,255,0,1
8133,Left-VPL,255,0,255,1
8134,Left-PaV,120,18,134,1
8203,Right-AV,0,85,0,1
8204,Right-CeM,170,85,0,1
8205,Right-CL,0,170,0,1
8206,Right-CM,170,170,0,1
8208,Right-LD,170,255,0,1
8209,Right-LGN,0,0,127,1
8210,Right-LP,0,85,127,1
8211,Right-L-Sg,170,85,127,1
8212,Right-MDl,0,170,127,1
8213,Right-MDm,170,170,127,1
8215,Right-MGN,170,255,127,1
8216,Right-MV(Re),0,0,255,1
8217,Right-Pc,170,0,255,1
8218,Right-Pf,0,85,255,1
8219,Right-Pt,170,85,255,1
8220,Right-PuA,0,170,255,1
8221,Right-PuI,170,170,255,1
8222,Right-PuL,0,255,255,1
8223,Right-PuM,170,255,255,1
8225,Right-R,255,0,0,1
8226,Right-VA,85,85,0,1
8227,Right-VAmc,255,85,0,1
8228,Right-VLa,85,170,0,1
8229,Right-VLp,255,170,0,1
8230,Right-VM,85,255,0,1
8233,Right-VPL,255,0,255,1
8234,Right-PaV,120,18,134,1
9000,ctx-lh-prefrontal,50,100,30,1
9001,ctx-lh-primary-motor,30,100,45,1
9002,ctx-lh-premotor,130,100,165,1
9003,ctx-lh-temporal,105,25,5,1
9004,ctx-lh-posterior-parietal,125,70,55,1
9005,ctx-lh-prim-sec-somatosensory,225,20,105,1
9006,ctx-lh-occipital,225,20,15,1
9500,ctx-rh-prefrontal,50,200,30,1
9501,ctx-rh-primary-motor,30,150,45,1
9502,ctx-rh-premotor,130,150,165,1
9503,ctx-rh-temporal,105,75,5,1
9504,ctx-rh-posterior-parietal,125,120,55,1
9505,ctx-rh-prim-sec-somatosensory,225,70,105,1
9506,ctx-rh-occipital,225,70,15,1
11100,ctx_lh_Unknown,0,0,0,1
11101,ctx_lh_G_and_S_frontomargin,23,220,60,1
11102,ctx_lh_G_and_S_occipital_inf,23,60,180,1
11103,ctx_lh_G_and_S_paracentral,63,100,60,1
11104,ctx_lh_G_and_S_subcentral,63,20,220,1
11105,ctx_lh_G_and_S_transv_frontopol,13,0,250,1
11106,ctx_lh_G_and_S_cingul-Ant,26,60,0,1
11107,ctx_lh_G_and_S_cingul-Mid-Ant,26,60,75,1
11108,ctx_lh_G_and_S_cingul-Mid-Post,26,60,150,1
11109,ctx_lh_G_cingul-Post-dorsal,25,60,250,1
11110,ctx_lh_G_cingul-Post-ventral,60,25,25,1
11111,ctx_lh_G_cuneus,180,20,20,1
11112,ctx_lh_G_front_inf-Opercular,220,20,100,1
11113,ctx_lh_G_front_inf-Orbital,140,60,60,1
11114,ctx_lh_G_front_inf-Triangul,180,220,140,1
11115,ctx_lh_G_front_middle,140,100,180,1
11116,ctx_lh_G_front_sup,180,20,140,1
11117,ctx_lh_G_Ins_lg_and_S_cent_ins,23,10,10,1
11118,ctx_lh_G_insular_short,225,140,140,1
11119,ctx_lh_G_occipital_middle,180,60,180,1
11120,ctx_lh_G_occipital_sup,20,220,60,1
11121,ctx_lh_G_oc-temp_lat-fusifor,60,20,140,1
11122,ctx_lh_G_oc-temp_med-Lingual,220,180,140,1
11123,ctx_lh_G_oc-temp_med-Parahip,65,100,20,1
11124,ctx_lh_G_orbital,220,60,20,1
11125,ctx_lh_G_pariet_inf-Angular,20,60,220,1
11126,ctx_lh_G_pariet_inf-Supramar,100,100,60,1
11127,ctx_lh_G_parietal_sup,220,180,220,1
11128,ctx_lh_G_postcentral,20,180,140,1
11129,ctx_lh_G_precentral,60,140,180,1
11130,ctx_lh_G_precuneus,25,20,140,1
11131,ctx_lh_G_rectus,20,60,100,1
11132,ctx_lh_G_subcallosal,60,220,20,1
11133,ctx_lh_G_temp_sup-G_T_transv,60,60,220,1
11134,ctx_lh_G_temp_sup-Lateral,220,60,220,1
11135,ctx_lh_G_temp_sup-Plan_polar,65,220,60,1
11136,ctx_lh_G_temp_sup-Plan_tempo,25,140,20,1
11137,ctx_lh_G_temporal_inf,220,220,100,1
11138,ctx_lh_G_temporal_middle,180,60,60,1
11139,ctx_lh_Lat_Fis-ant-Horizont,61,20,220,1
11140,ctx_lh_Lat_Fis-ant-Vertical,61,20,60,1
11141,ctx_lh_Lat_Fis-post,61,60,100,1
11142,ctx_lh_Medial_wall,25,25,25,1
11143,ctx_lh_Pole_occipital,140,20,60,1
11144,ctx_lh_Pole_temporal,220,180,20,1
11145,ctx_lh_S_calcarine,63,180,180,1
11146,ctx_lh_S_central,221,20,10,1
11147,ctx_lh_S_cingul-Marginalis,221,20,100,1
11148,ctx_lh_S_circular_insula_ant,221,60,140,1
11149,ctx_lh_S_circular_insula_inf,221,20,220,1
11150,ctx_lh_S_circular_insula_sup,61,220,220,1
11151,ctx_lh_S_collat_transv_ant,100,200,200,1
11152,ctx_lh_S_collat_transv_post,10,200,200,1
11153,ctx_lh_S_front_inf,221,220,20,1
11154,ctx_lh_S_front_middle,141,20,100,1
11155,ctx_lh_S_front_sup,61,220,100,1
11156,ctx_lh_S_interm_prim-Jensen,141,60,20,1
11157,ctx_lh_S_intrapariet_and_P_trans,143,20,220,1
11158,ctx_lh_S_oc_middle_and_Lunatus,101,60,220,1
11159,ctx_lh_S_oc_sup_and_transversal,21,20,140,1
11160,ctx_lh_S_occipital_ant,61,20,180,1
11161,ctx_lh_S_oc-temp_lat,221,140,20,1
11162,ctx_lh_S_oc-temp_med_and_Lingual,141,100,220,1
11163,ctx_lh_S_orbital_lateral,221,100,20,1
11164,ctx_lh_S_orbital_med-olfact,181,200,20,1
11165,ctx_lh_S_orbital-H_Shaped,101,20,20,1
11166,ctx_lh_S_parieto_occipital,101,100,180,1
11167,ctx_lh_S_pericallosal,181,220,20,1
11168,ctx_lh_S_postcentral,21,140,200,1
11169,ctx_lh_S_precentral-inf-part,21,20,240,1
11170,ctx_lh_S_precentral-sup-part,21,20,200,1
11171,ctx_lh_S_suborbital,21,20,60,1
11172,ctx_lh_S_subparietal,101,60,60,1
11173,ctx_lh_S_temporal_inf,21,180,180,1
11174,ctx_lh_S_temporal_sup,223,220,60,1
11175,ctx_lh_S_temporal_transverse,221,60,60,1
12100,ctx_rh_Unknown,0,0,0,1
12101,ctx_rh_G_and_S_frontomargin,23,220,60,1
12102,ctx_rh_G_and_S_occipital_inf,23,60,180,1
12103,ctx_rh_G_and_S_paracentral,63,100,60,1
12104,ctx_rh_G_and_S_subcentral,63,20,220,1
12105,ctx_rh_G_and_S_transv_frontopol,13,0,250,1
12106,ctx_rh_G_and_S_cingul-Ant,26,60,0,1
12107,ctx_rh_G_and_S_cingul-Mid-Ant,26,60,75,1
12108,ctx_rh_G_and_S_cingul-Mid-Post,26,60,150,1
12109,ctx_rh_G_cingul-Post-dorsal,25,60,250,1
12110,ctx_rh_G_cingul-Post-ventral,60,25,25,1
12111,ctx_rh_G_cuneus,180,20,20,1
12112,ctx_rh_G_front_inf-Opercular,220,20,100,1
12113,ctx_rh_G_front_inf-Orbital,140,60,60,1
12114,ctx_rh_G_front_inf-Triangul,180,220,140,1
12115,ctx_rh_G_front_middle,140,100,180,1
12116,ctx_rh_G_front_sup,180,20,140,1
12117,ctx_rh_G_Ins_lg_and_S_cent_ins,23,10,10,1
12118,ctx_rh_G_insular_short,225,140,140,1
12119,ctx_rh_G_occipital_middle,180,60,180,1
12120,ctx_rh_G_occipital_sup,20,220,60,1
12121,ctx_rh_G_oc-temp_lat-fusifor,60,20,140,1
12122,ctx_rh_G_oc-temp_med-Lingual,220,180,140,1
12123,ctx_rh_G_oc-temp_med-Parahip,65,100,20,1
12124,ctx_rh_G_orbital,220,60,20,1
12125,ctx_rh_G_pariet_inf-Angular,20,60,220,1
12126,ctx_rh_G_pariet_inf-Supramar,100,100,60,1
12127,ctx_rh_G_parietal_sup,220,180,220,1
12128,ctx_rh_G_postcentral,20,180,140,1
12129,ctx_rh_G_precentral,60,140,180,1
12130,ctx_rh_G_precuneus,25,20,140,1
12131,ctx_rh_G_rectus,20,60,100,1
12132,ctx_rh_G_subcallosal,60,220,20,1
12133,ctx_rh_G_temp_sup-G_T_transv,60,60,220,1
12134,ctx_rh_G_temp_sup-Lateral,220,60,220,1
12135,ctx_rh_G_temp_sup-Plan_polar,65,220,60,1
12136,ctx_rh_G_temp_sup-Plan_tempo,25,140,20,1
12137,ctx_rh_G_temporal_inf,220,220,100,1
12138,ctx_rh_G_temporal_middle,180,60,60,1
12139,ctx_rh_Lat_Fis-ant-Horizont,61,20,220,1
12140,ctx_rh_Lat_Fis-ant-Vertical,61,20,60,1
12141,ctx_rh_Lat_Fis-post,61,60,100,1
12142,ctx_rh_Medial_wall,25,25,25,1
12143,ctx_rh_Pole_occipital,140,20,60,1
12144,ctx_rh_Pole_temporal,220,180,20,1
12145,ctx_rh_S_calcarine,63,180,180,1
12146,ctx_rh_S_central,221,20,10,1
12147,ctx_rh_S_cingul-Marginalis,221,20,100,1
12148,ctx_rh_S_circular_insula_ant,221,60,140,1
12149,ctx_rh_S_circular_insula_inf,221,20,220,1
12150,ctx_rh_S_circular_insula_sup,61,220,220,1
12151,ctx_rh_S_collat_transv_ant,100,200,200,1
12152,ctx_rh_S_collat_transv_post,10,200,200,1
12153,ctx_rh_S_front_inf,221,220,20,1
12154,ctx_rh_S_front_middle,141,20,100,1
12155,ctx_rh_S_front_sup,61,220,100,1
12156,ctx_rh_S_interm_prim-Jensen,141,60,20,1
12157,ctx_rh_S_intrapariet_and_P_trans,143,20,220,1
12158,ctx_rh_S_oc_middle_and_Lunatus,101,60,220,1
12159,ctx_rh_S_oc_sup_and_transversal,21,20,140,1
12160,ctx_rh_S_occipital_ant,61,20,180,1
12161,ctx_rh_S_oc-temp_lat,221,140,20,1
12162,ctx_rh_S_oc-temp_med_and_Lingual,141,100,220,1
12163,ctx_rh_S_orbital_lateral,221,100,20,1
12164,ctx_rh_S_orbital_med-olfact,181,200,20,1
12165,ctx_rh_S_orbital-H_Shaped,101,20,20,1
12166,ctx_rh_S_parieto_occipital,101,100,180,1
12167,ctx_rh_S_pericallosal,181,220,20,1
12168,ctx_rh_S_postcentral,21,140,200,1
12169,ctx_rh_S_precentral-inf-part,21,20,240,1
12170,ctx_rh_S_precentral-sup-part,21,20,200,1
12171,ctx_rh_S_suborbital,21,20,60,1
12172,ctx_rh_S_subparietal,101,60,60,1
12173,ctx_rh_S_temporal_inf,21,180,180,1
12174,ctx_rh_S_temporal_sup,223,220,60,1
12175,ctx_rh_S_temporal_transverse,221,60,60,1
13100,wm_lh_Unknown,0,0,0,1
13101,wm_lh_G_and_S_frontomargin,23,220,60,1
13102,wm_lh_G_and_S_occipital_inf,23,60,180,1
13103,wm_lh_G_and_S_paracentral,63,100,60,1
13104,wm_lh_G_and_S_subcentral,63,20,220,1
13105,wm_lh_G_and_S_transv_frontopol,13,0,250,1
13106,wm_lh_G_and_S_cingul-Ant,26,60,0,1
13107,wm_lh_G_and_S_cingul-Mid-Ant,26,60,75,1
13108,wm_lh_G_and_S_cingul-Mid-Post,26,60,150,1
13109,wm_lh_G_cingul-Post-dorsal,25,60,250,1
13110,wm_lh_G_cingul-Post-ventral,60,25,25,1
13111,wm_lh_G_cuneus,180,20,20,1
13112,wm_lh_G_front_inf-Opercular,220,20,100,1
13113,wm_lh_G_front_inf-Orbital,140,60,60,1
13114,wm_lh_G_front_inf-Triangul,180,220,140,1
13115,wm_lh_G_front_middle,140,100,180,1
13116,wm_lh_G_front_sup,180,20,140,1
13117,wm_lh_G_Ins_lg_and_S_cent_ins,23,10,10,1
13118,wm_lh_G_insular_short,225,140,140,1
13119,wm_lh_G_occipital_middle,180,60,180,1
13120,wm_lh_G_occipital_sup,20,220,60,1
13121,wm_lh_G_oc-temp_lat-fusifor,60,20,140,1
13122,wm_lh_G_oc-temp_med-Lingual,220,180,140,1
13123,wm_lh_G_oc-temp_med-Parahip,65,100,20,1
13124,wm_lh_G_orbital,220,60,20,1
13125,wm_lh_G_pariet_inf-Angular,20,60,220,1
13126,wm_lh_G_pariet_inf-Supramar,100,100,60,1
13127,wm_lh_G_parietal_sup,220,180,220,1
13128,wm_lh_G_postcentral,20,180,140,1
13129,wm_lh_G_precentral,60,140,180,1
13130,wm_lh_G_precuneus,25,20,140,1
13131,wm_lh_G_rectus,20,60,100,1
13132,wm_lh_G_subcallosal,60,220,20,1
13133,wm_lh_G_temp_sup-G_T_transv,60,60,220,1
13134,wm_lh_G_temp_sup-Lateral,220,60,220,1
13135,wm_lh_G_temp_sup-Plan_polar,65,220,60,1
13136,wm_lh_G_temp_sup-Plan_tempo,25,140,20,1
13137,wm_lh_G_temporal_inf,220,220,100,1
13138,wm_lh_G_temporal_middle,180,60,60,1
13139,wm_lh_Lat_Fis-ant-Horizont,61,20,220,1
13140,wm_lh_Lat_Fis-ant-Vertical,61,20,60,1
13141,wm_lh_Lat_Fis-post,61,60,100,1
13142,wm_lh_Medial_wall,25,25,25,1
13143,wm_lh_Pole_occipital,140,20,60,1
13144,wm_lh_Pole_temporal,220,180,20,1
13145,wm_lh_S_calcarine,63,180,180,1
13146,wm_lh_S_central,221,20,10,1
13147,wm_lh_S_cingul-Marginalis,221,20,100,1
13148,wm_lh_S_circular_insula_ant,221,60,140,1
13149,wm_lh_S_circular_insula_inf,221,20,220,1
13150,wm_lh_S_circular_insula_sup,61,220,220,1
13151,wm_lh_S_collat_transv_ant,100,200,200,1
13152,wm_lh_S_collat_transv_post,10,200,200,1
13153,wm_lh_S_front_inf,221,220,20,1
13154,wm_lh_S_front_middle,141,20,100,1
13155,wm_lh_S_front_sup,61,220,100,1
13156,wm_lh_S_interm_prim-Jensen,141,60,20,1
13157,wm_lh_S_intrapariet_and_P_trans,143,20,220,1
13158,wm_lh_S_oc_middle_and_Lunatus,101,60,220,1
13159,wm_lh_S_oc_sup_and_transversal,21,20,140,1
13160,wm_lh_S_occipital_ant,61,20,180,1
13161,wm_lh_S_oc-temp_lat,221,140,20,1
13162,wm_lh_S_oc-temp_med_and_Lingual,141,100,220,1
13163,wm_lh_S_orbital_lateral,221,100,20,1
13164,wm_lh_S_orbital_med-olfact,181,200,20,1
13165,wm_lh_S_orbital-H_Shaped,101,20,20,1
13166,wm_lh_S_parieto_occipital,101,100,180,1
13167,wm_lh_S_pericallosal,181,220,20,1
13168,wm_lh_S_postcentral,21,140,200,1
13169,wm_lh_S_precentral-inf-part,21,20,240,1
13170,wm_lh_S_precentral-sup-part,21,20,200,1
13171,wm_lh_S_suborbital,21,20,60,1
13172,wm_lh_S_subparietal,101,60,60,1
13173,wm_lh_S_temporal_inf,21,180,180,1
13174,wm_lh_S_temporal_sup,223,220,60,1
13175,wm_lh_S_temporal_transverse,221,60,60,1
14100,wm_rh_Unknown,0,0,0,1
14101,wm_rh_G_and_S_frontomargin,23,220,60,1
14102,wm_rh_G_and_S_occipital_inf,23,60,180,1
14103,wm_rh_G_and_S_paracentral,63,100,60,1
14104,wm_rh_G_and_S_subcentral,63,20,220,1
14105,wm_rh_G_and_S_transv_frontopol,13,0,250,1
14106,wm_rh_G_and_S_cingul-Ant,26,60,0,1
14107,wm_rh_G_and_S_cingul-Mid-Ant,26,60,75,1
14108,wm_rh_G_and_S_cingul-Mid-Post,26,60,150,1
14109,wm_rh_G_cingul-Post-dorsal,25,60,250,1
14110,wm_rh_G_cingul-Post-ventral,60,25,25,1
14111,wm_rh_G_cuneus,180,20,20,1
14112,wm_rh_G_front_inf-Opercular,220,20,100,1
14113,wm_rh_G_front_inf-Orbital,140,60,60,1
14114,wm_rh_G_front_inf-Triangul,180,220,140,1
14115,wm_rh_G_front_middle,140,100,180,1
14116,wm_rh_G_front_sup,180,20,140,1
14117,wm_rh_G_Ins_lg_and_S_cent_ins,23,10,10,1
14118,wm_rh_G_insular_short,225,140,140,1
14119,wm_rh_G_occipital_middle,180,60,180,1
14120,wm_rh_G_occipital_sup,20,220,60,1
14121,wm_rh_G_oc-temp_lat-fusifor,60,20,140,1
14122,wm_rh_G_oc-temp_med-Lingual,220,180,140,1
14123,wm_rh_G_oc-temp_med-Parahip,65,100,20,1
14124,wm_rh_G_orbital,220,60,20,1
14125,wm_rh_G_pariet_inf-Angular,20,60,220,1
14126,wm_rh_G_pariet_inf-Supramar,100,100,60,1
14127,wm_rh_G_parietal_sup,220,180,220,1
14128,wm_rh_G_postcentral,20,180,140,1
14129,wm_rh_G_precentral,60,140,180,1
14130,wm_rh_G_precuneus,25,20,140,1
14131,wm_rh_G_rectus,20,60,100,1
14132,wm_rh_G_subcallosal,60,220,20,1
14133,wm_rh_G_temp_sup-G_T_transv,60,60,220,1
14134,wm_rh_G_temp_sup-Lateral,220,60,220,1
14135,wm_rh_G_temp_sup-Plan_polar,65,220,60,1
14136,wm_rh_G_temp_sup-Plan_tempo,25,140,20,1
14137,wm_rh_G_temporal_inf,220,220,100,1
14138,wm_rh_G_temporal_middle,180,60,60,1
14139,wm_rh_Lat_Fis-ant-Horizont,61,20,220,1
14140,wm_rh_Lat_Fis-ant-Vertical,61,20,60,1
14141,wm_rh_Lat_Fis-post,61,60,100,1
14142,wm_rh_Medial_wall,25,25,25,1
14143,wm_rh_Pole_occipital,140,20,60,1
14144,wm_rh_Pole_temporal,220,180,20,1
14145,wm_rh_S_calcarine,63,180,180,1
14146,wm_rh_S_central,221,20,10,1
14147,wm_rh_S_cingul-Marginalis,221,20,100,1
14148,wm_rh_S_circular_insula_ant,221,60,140,1
14149,wm_rh_S_circular_insula_inf,221,20,220,1
14150,wm_rh_S_circular_insula_sup,61,220,220,1
14151,wm_rh_S_collat_transv_ant,100,200,200,1
14152,wm_rh_S_collat_transv_post,10,200,200,1
14153,wm_rh_S_front_inf,221,220,20,1
14154,wm_rh_S_front_middle,141,20,100,1
14155,wm_rh_S_front_sup,61,220,100,1
14156,wm_rh_S_interm_prim-Jensen,141,60,20,1
14157,wm_rh_S_intrapariet_and_P_trans,143,20,220,1
14158,wm_rh_S_oc_middle_and_Lunatus,101,60,220,1
14159,wm_rh_S_oc_sup_and_transversal,21,20,140,1
14160,wm_rh_S_occipital_ant,61,20,180,1
14161,wm_rh_S_oc-temp_lat,221,140,20,1
14162,wm_rh_S_oc-temp_med_and_Lingual,141,100,220,1
14163,wm_rh_S_orbital_lateral,221,100,20,1
14164,wm_rh_S_orbital_med-olfact,181,200,20,1
14165,wm_rh_S_orbital-H_Shaped,101,20,20,1
14166,wm_rh_S_parieto_occipital,101,100,180,1
14167,wm_rh_S_pericallosal,181,220,20,1
14168,wm_rh_S_postcentral,21,140,200,1
14169,wm_rh_S_precentral-inf-part,21,20,240,1
14170,wm_rh_S_precentral-sup-part,21,20,200,1
14171,wm_rh_S_suborbital,21,20,60,1
14172,wm_rh_S_subparietal,101,60,60,1
14173,wm_rh_S_temporal_inf,21,180,180,1
14174,wm_rh_S_temporal_sup,223,220,60,1
14175,wm_rh_S_temporal_transverse,221,60,60,1
